movie_name,episode_id,vote_key,uuid,user_id,season_number,episode_number,series_name
BPM (Beats per Minute),0,c261648b-b395-482a-aeaf-2a1f8c6e01f6-5449324-15,c261648b-b395-482a-aeaf-2a1f8c6e01f6,5449324,,,
,4081822,4081822-5449324-14,d12e8bfa-8359-4548-9bd0-85af416de047,5449324,2,22,Glee
,4081822,4081822-5449324-18,d12e8bfa-8359-4548-9bd0-85af416de047,5449324,2,22,Glee
,4448267,4448267-5449324-35,f26ed71a-a0c9-451f-bc20-233adbdc456d,5449324,7,1,Skins
,4448267,4448267-5449324-20,f26ed71a-a0c9-451f-bc20-233adbdc456d,5449324,7,1,Skins
,5632530,5632530-5449324-13,7edfd33a-db8d-4d2a-bf7b-fdde8e8811d0,5449324,1,3,Beautiful Loser
,5632530,5632530-5449324-19,7edfd33a-db8d-4d2a-bf7b-fdde8e8811d0,5449324,1,3,Beautiful Loser
,6742171,6742171-5449324-19,4f55c0f4-4c75-4f69-8727-a8d3e0f54adf,5449324,1,1,Hilda
,6767347,6767347-5449324-20,772c7081-86a5-4fa0-8cd4-fec88a0bbedc,5449324,2,1,Lore
,6785489,6785489-5449324-28,3ddc69b4-0922-497e-804a-5ab97a415e7b,5449324,1,1,Dirty John
,6785489,6785489-5449324-34,3ddc69b4-0922-497e-804a-5ab97a415e7b,5449324,1,1,Dirty John
,6785489,6785489-5449324-38,3ddc69b4-0922-497e-804a-5ab97a415e7b,5449324,1,1,Dirty John
,6785489,6785489-5449324-18,3ddc69b4-0922-497e-804a-5ab97a415e7b,5449324,1,1,Dirty John
,6835468,6835468-5449324-13,fb5e501b-1211-49cd-9dcf-361ce29a08ef,5449324,1,9,Mike
,6835469,6835469-5449324-13,c666df89-e83f-47bd-9f46-0950273ebe33,5449324,1,10,Mike
,6847140,6847140-5449324-38,8bce59a4-088c-4bd5-a3f7-b86ffb4a8182,5449324,2,1,Room 104
,6847140,6847140-5449324-34,8bce59a4-088c-4bd5-a3f7-b86ffb4a8182,5449324,2,1,Room 104
,6847140,6847140-5449324-17,8bce59a4-088c-4bd5-a3f7-b86ffb4a8182,5449324,2,1,Room 104
,6847140,6847140-5449324-14,8bce59a4-088c-4bd5-a3f7-b86ffb4a8182,5449324,2,1,Room 104
,6847140,6847140-5449324-16,8bce59a4-088c-4bd5-a3f7-b86ffb4a8182,5449324,2,1,Room 104
,6847140,6847140-5449324-18,8bce59a4-088c-4bd5-a3f7-b86ffb4a8182,5449324,2,1,Room 104
,6847140,6847140-5449324-19,8bce59a4-088c-4bd5-a3f7-b86ffb4a8182,5449324,2,1,Room 104
,6847140,6847140-5449324-28,8bce59a4-088c-4bd5-a3f7-b86ffb4a8182,5449324,2,1,Room 104
,6847142,6847142-5449324-38,8767a12d-3a49-48f6-b84b-b3030938d6a3,5449324,2,2,Room 104
,6847142,6847142-5449324-14,8767a12d-3a49-48f6-b84b-b3030938d6a3,5449324,2,2,Room 104
,6847142,6847142-5449324-18,8767a12d-3a49-48f6-b84b-b3030938d6a3,5449324,2,2,Room 104
,6847142,6847142-5449324-28,8767a12d-3a49-48f6-b84b-b3030938d6a3,5449324,2,2,Room 104
,6848555,6848555-5449324-20,8007ad32-5d90-41c5-acb0-f30ef6607d36,5449324,2,3,Room 104
,6848555,6848555-5449324-17,8007ad32-5d90-41c5-acb0-f30ef6607d36,5449324,2,3,Room 104
,6848556,6848556-5449324-22,93611bfb-7e8b-4b8c-b3cd-9953fb5f4650,5449324,2,4,Room 104
,6852888,6852888-5449324-28,d7acb2e1-88f8-4982-a6e7-f5df19cc58c1,5449324,1,1,The Umbrella Academy
,6868841,6868841-5449324-18,2cb48a4b-9976-4afa-8f78-4d02b89e1cc1,5449324,2,2,Lore
,6973732,6973732-5449324-18,d7a056b8-e4ec-49b0-8a24-672cc82cd8ea,5449324,3,6,High Maintenance (2016)
,6973732,6973732-5449324-13,d7a056b8-e4ec-49b0-8a24-672cc82cd8ea,5449324,3,6,High Maintenance (2016)
,6998843,6998843-5449324-18,a20ca035-8edb-4eac-9e12-71073a184c13,5449324,3,6,Skam France
,6998843,6998843-5449324-19,a20ca035-8edb-4eac-9e12-71073a184c13,5449324,3,6,Skam France
,6998843,6998843-5449324-14,a20ca035-8edb-4eac-9e12-71073a184c13,5449324,3,6,Skam France
,7013940,7013940-5449324-20,2865a484-2d75-4025-abef-d5ce261cab76,5449324,30,14,The Simpsons
,7013940,7013940-5449324-35,2865a484-2d75-4025-abef-d5ce261cab76,5449324,30,14,The Simpsons
,7013940,7013940-5449324-17,2865a484-2d75-4025-abef-d5ce261cab76,5449324,30,14,The Simpsons
,7109999,7109999-5449324-15,606f922c-0f20-4b2a-8981-66670dd1187c,5449324,2,5,Skam Spain
,7109999,7109999-5449324-18,606f922c-0f20-4b2a-8981-66670dd1187c,5449324,2,5,Skam Spain
,7109999,7109999-5449324-13,606f922c-0f20-4b2a-8981-66670dd1187c,5449324,2,5,Skam Spain
,7109999,7109999-5449324-19,606f922c-0f20-4b2a-8981-66670dd1187c,5449324,2,5,Skam Spain
,7219440,7219440-5449324-14,9f62d081-9d18-49a3-a6eb-8b65c15cc76d,5449324,18,126,Pokémon
,7230381,7230381-5449324-28,44b196d7-9f57-44c5-b9e6-3ed4fabeaf75,5449324,2,6,Pose
,7230381,7230381-5449324-30,44b196d7-9f57-44c5-b9e6-3ed4fabeaf75,5449324,2,6,Pose
